Feature,Correlation,P-value,Strength
Start_Lat,0.07257435225060292,2.2651227366423092e-59,No correlation
Start_Lng,0.05333748736219736,7.792544778922519e-33,No correlation
End_Lat,0.07259142172469578,2.127871845362872e-59,No correlation
End_Lng,0.05333292867957313,7.888791045549355e-33,No correlation
Distance(mi),0.02385232401724441,9.598401048031917e-08,No correlation
Temperature(F),-0.017279082825278305,0.00011158533521611398,No correlation
Wind_Chill(F),-0.05010935268209003,3.5785124991484767e-29,No correlation
Humidity(%),0.026912592640390524,1.757383919399794e-09,No correlation
Pressure(in),0.05109744943818188,2.8631651476104866e-30,No correlation
Visibility(mi),0.00023002713601373245,0.9589794167888718,No correlation
Wind_Speed(mph),0.02855178935848906,1.708201855744739e-10,No correlation
Precipitation(in),0.01399667565799619,0.001749093524385777,No correlation
